[
  {
    "id": 1,
    "name": "Brakus Inc.",
    "address": {
      "street": "023 Predovic Throughway",
      "city": "East Graceton",
      "postCode": "31000"
    },
    "phone": "953-586-9306 x4776",
    "position": {
      "lat": 45.39486497198415,
      "lng": -122.51044124240977
    },
    "products": [
      {
        "name": "alfalfa sprout",
        "price": 6.99
      },
      {
        "name": "bok choy",
        "price": 7.99
      },
      {
        "name": "broccoflower",
        "price": 3.99
      },
      {
        "name": "cayenne pepper",
        "price": 7.99
      },
      {
        "name": "celeriac",
        "price": 6.99
      },
      {
        "name": "celery",
        "price": 2.99
      },
      {
        "name": "fiddlehead",
        "price": 4.99
      },
      {
        "name": "ginger",
        "price": 1.99
      },
      {
        "name": "green bean",
        "price": 3.99
      },
      {
        "name": "legume",
        "price": 8.99
      },
      {
        "name": "lima bean",
        "price": 7.99
      },
      {
        "name": "mamey",
        "price": 4.99
      },
      {
        "name": "onion",
        "price": 6.99
      },
      {
        "name": "paprika",
        "price": 3.99
      },
      {
        "name": "potato",
        "price": 6.99
      },
      {
        "name": "radicchio",
        "price": 2.99
      },
      {
        "name": "rutabaga",
        "price": 8.99
      },
      {
        "name": "turnip",
        "price": 5.99
      },
      {
        "name": "yam",
        "price": 9.99
      },
      {
        "name": "zucchini",
        "price": 5.99
      }
    ]
  },
  {
    "id": 2,
    "name": "Wolf Inc.",
    "address": {
      "street": "36845 Kristina View",
      "city": "South Kristenland",
      "postCode": "14097-0314"
    },
    "phone": "003-774-7254 x465",
    "position": {
      "lat": 45.38919961662994,
      "lng": -122.4785186684615
    },
    "products": [
      {
        "name": "bok choy",
        "price": 6.99
      },
      {
        "name": "butternut squash",
        "price": 7.99
      },
      {
        "name": "carrot",
        "price": 1.99
      },
      {
        "name": "corn salad",
        "price": 2.99
      },
      {
        "name": "dill",
        "price": 4.99
      },
      {
        "name": "fiddlehead",
        "price": 4.99
      },
      {
        "name": "garlic",
        "price": 5.99
      },
      {
        "name": "ginger",
        "price": 8.99
      },
      {
        "name": "leek ",
        "price": 8.99
      },
      {
        "name": "lima bean",
        "price": 3.99
      },
      {
        "name": "mung bean",
        "price": 5.99
      },
      {
        "name": "mustard green",
        "price": 9.99
      },
      {
        "name": "onion",
        "price": 6.99
      },
      {
        "name": "pumpkin",
        "price": 3.99
      },
      {
        "name": "radish",
        "price": 2.99
      },
      {
        "name": "rutabaga",
        "price": 1.99
      },
      {
        "name": "sweet potato",
        "price": 7.99
      },
      {
        "name": "taro",
        "price": 7.99
      },
      {
        "name": "wasabi",
        "price": 9.99
      },
      {
        "name": "watercress",
        "price": 1.99
      }
    ]
  },
  {
    "id": 3,
    "name": "O'Keefe, Willms and Schamberger Group",
    "address": {
      "street": "416 Corkery Trafficway",
      "city": "Port Soniamouth",
      "postCode": "97636-9196"
    },
    "phone": "416-075-4885",
    "position": {
      "lat": 45.49546143811678,
      "lng": -122.50840993162608
    },
    "products": [
      {
        "name": "asparagus",
        "price": 1.99
      },
      {
        "name": "banana squash",
        "price": 3.99
      },
      {
        "name": "brussels sprout",
        "price": 4.99
      },
      {
        "name": "chayote",
        "price": 5.99
      },
      {
        "name": "courgette",
        "price": 7.99
      },
      {
        "name": "daikon",
        "price": 6.99
      },
      {
        "name": "delicata",
        "price": 1.99
      },
      {
        "name": "fennel",
        "price": 7.99
      },
      {
        "name": "green bean",
        "price": 8.99
      },
      {
        "name": "herbs and spice",
        "price": 3.99
      },
      {
        "name": "horseradish",
        "price": 9.99
      },
      {
        "name": "jalapeno",
        "price": 9.99
      },
      {
        "name": "legume",
        "price": 9.99
      },
      {
        "name": "lentils",
        "price": 8.99
      },
      {
        "name": "lima bean",
        "price": 4.99
      },
      {
        "name": "mamey",
        "price": 3.99
      },
      {
        "name": "paprika",
        "price": 8.99
      },
      {
        "name": "pumpkin",
        "price": 7.99
      },
      {
        "name": "runner bean",
        "price": 7.99
      },
      {
        "name": "squash ",
        "price": 2.99
      }
    ]
  },
  {
    "id": 4,
    "name": "Hyatt LLC",
    "address": {
      "street": "231 Renner Street",
      "city": "Rosenbaummouth",
      "postCode": "15486"
    },
    "phone": "(507) 744-1527 x7543",
    "position": {
      "lat": 45.429994501190215,
      "lng": -122.46586643619675
    },
    "products": [
      {
        "name": "aubergine",
        "price": 3.99
      },
      {
        "name": "black-eyed pea",
        "price": 4.99
      },
      {
        "name": "borlotti bean",
        "price": 6.99
      },
      {
        "name": "calabrese",
        "price": 7.99
      },
      {
        "name": "cauliflower",
        "price": 2.99
      },
      {
        "name": "celeriac",
        "price": 7.99
      },
      {
        "name": "chard",
        "price": 5.99
      },
      {
        "name": "cilantro",
        "price": 8.99
      },
      {
        "name": "delicata",
        "price": 3.99
      },
      {
        "name": "dill",
        "price": 5.99
      },
      {
        "name": "horseradish",
        "price": 2.99
      },
      {
        "name": "leek ",
        "price": 4.99
      },
      {
        "name": "oregano",
        "price": 7.99
      },
      {
        "name": "pinto bean",
        "price": 6.99
      },
      {
        "name": "radish",
        "price": 7.99
      },
      {
        "name": "skirret",
        "price": 1.99
      },
      {
        "name": "snap pea",
        "price": 7.99
      },
      {
        "name": "squash ",
        "price": 8.99
      },
      {
        "name": "taro",
        "price": 9.99
      },
      {
        "name": "thyme",
        "price": 6.99
      }
    ]
  },
  {
    "id": 5,
    "name": "Witting Inc.",
    "address": {
      "street": "80441 Jerde Plains",
      "city": "Koeppmouth",
      "postCode": "64858-2163"
    },
    "phone": "(059) 750-4200",
    "position": {
      "lat": 45.43685497777585,
      "lng": -122.48963954217587
    },
    "products": [
      {
        "name": "acorn squash",
        "price": 6.99
      },
      {
        "name": "black-eyed pea",
        "price": 7.99
      },
      {
        "name": "borlotti bean",
        "price": 3.99
      },
      {
        "name": "broad beans",
        "price": 1.99
      },
      {
        "name": "brussels sprout",
        "price": 6.99
      },
      {
        "name": "chard",
        "price": 5.99
      },
      {
        "name": "chives",
        "price": 9.99
      },
      {
        "name": "gem squash",
        "price": 7.99
      },
      {
        "name": "ginger",
        "price": 4.99
      },
      {
        "name": "horseradish",
        "price": 5.99
      },
      {
        "name": "kale",
        "price": 8.99
      },
      {
        "name": "kohlrabi",
        "price": 5.99
      },
      {
        "name": "lettuce",
        "price": 9.99
      },
      {
        "name": "mustard green",
        "price": 9.99
      },
      {
        "name": "potato",
        "price": 5.99
      },
      {
        "name": "scallion",
        "price": 2.99
      },
      {
        "name": "tat soi",
        "price": 4.99
      },
      {
        "name": "tubers",
        "price": 9.99
      },
      {
        "name": "turnip",
        "price": 3.99
      },
      {
        "name": "watercress",
        "price": 7.99
      }
    ]
  },
  {
    "id": 6,
    "name": "Ferry-Bruen Inc.",
    "address": {
      "street": "74697 Emmett Fork",
      "city": "West Joditon",
      "postCode": "10961"
    },
    "phone": "238.375.2313 x4235",
    "position": {
      "lat": 45.400061306412866,
      "lng": -122.52232664015696
    },
    "products": [
      {
        "name": "artichoke",
        "price": 4.99
      },
      {
        "name": "banana squash",
        "price": 3.99
      },
      {
        "name": "black-eyed pea",
        "price": 1.99
      },
      {
        "name": "chives",
        "price": 7.99
      },
      {
        "name": "endive",
        "price": 9.99
      },
      {
        "name": "garlic",
        "price": 4.99
      },
      {
        "name": "habanero",
        "price": 4.99
      },
      {
        "name": "kidney bean",
        "price": 2.99
      },
      {
        "name": "legume",
        "price": 6.99
      },
      {
        "name": "lentils",
        "price": 3.99
      },
      {
        "name": "lima bean",
        "price": 7.99
      },
      {
        "name": "okra",
        "price": 1.99
      },
      {
        "name": "potato",
        "price": 3.99
      },
      {
        "name": "radish",
        "price": 3.99
      },
      {
        "name": "skirret",
        "price": 4.99
      },
      {
        "name": "squash ",
        "price": 2.99
      },
      {
        "name": "sweet potato",
        "price": 4.99
      },
      {
        "name": "topinambur",
        "price": 2.99
      },
      {
        "name": "tubers",
        "price": 9.99
      },
      {
        "name": "wasabi",
        "price": 1.99
      }
    ]
  },
  {
    "id": 7,
    "name": "Block-Collier LLC",
    "address": {
      "street": "8432 Garrett Falls Suite 251",
      "city": "Port Marcia",
      "postCode": "30147-6849"
    },
    "phone": "138-711-1752 x51247",
    "position": {
      "lat": 45.46946906721131,
      "lng": -122.47884367308419
    },
    "products": [
      {
        "name": "asparagus",
        "price": 6.99
      },
      {
        "name": "broccoflower",
        "price": 7.99
      },
      {
        "name": "cucumber",
        "price": 1.99
      },
      {
        "name": "eggplant",
        "price": 7.99
      },
      {
        "name": "fiddlehead",
        "price": 3.99
      },
      {
        "name": "habanero",
        "price": 3.99
      },
      {
        "name": "hubbard squash",
        "price": 8.99
      },
      {
        "name": "jerusalem artichoke",
        "price": 2.99
      },
      {
        "name": "jicama",
        "price": 6.99
      },
      {
        "name": "legume",
        "price": 9.99
      },
      {
        "name": "mangetout",
        "price": 6.99
      },
      {
        "name": "marjoram",
        "price": 5.99
      },
      {
        "name": "mushroom",
        "price": 5.99
      },
      {
        "name": "mustard green",
        "price": 1.99
      },
      {
        "name": "pumpkin",
        "price": 9.99
      },
      {
        "name": "radicchio",
        "price": 3.99
      },
      {
        "name": "scallion",
        "price": 6.99
      },
      {
        "name": "snap pea",
        "price": 2.99
      },
      {
        "name": "soy bean",
        "price": 1.99
      },
      {
        "name": "white radish",
        "price": 4.99
      }
    ]
  },
  {
    "id": 8,
    "name": "Bauch-Labadie LLC",
    "address": {
      "street": "999 Melba Union Apt. 072",
      "city": "Lake Dawnshire",
      "postCode": "73313"
    },
    "phone": "(657) 268-3789",
    "position": {
      "lat": 45.4045289950071,
      "lng": -122.54874405336753
    },
    "products": [
      {
        "name": "amaranth",
        "price": 6.99
      },
      {
        "name": "asparagus",
        "price": 6.99
      },
      {
        "name": "banana squash",
        "price": 5.99
      },
      {
        "name": "borlotti bean",
        "price": 5.99
      },
      {
        "name": "calabrese",
        "price": 7.99
      },
      {
        "name": "celeriac",
        "price": 6.99
      },
      {
        "name": "courgette",
        "price": 7.99
      },
      {
        "name": "green pepper",
        "price": 4.99
      },
      {
        "name": "horseradish",
        "price": 3.99
      },
      {
        "name": "hubbard squash",
        "price": 9.99
      },
      {
        "name": "kidney bean",
        "price": 1.99
      },
      {
        "name": "lettuce",
        "price": 3.99
      },
      {
        "name": "mung bean",
        "price": 3.99
      },
      {
        "name": "navy bean",
        "price": 8.99
      },
      {
        "name": "oregano",
        "price": 2.99
      },
      {
        "name": "parsnip",
        "price": 9.99
      },
      {
        "name": "taro",
        "price": 4.99
      },
      {
        "name": "thyme",
        "price": 9.99
      },
      {
        "name": "watercress",
        "price": 3.99
      },
      {
        "name": "white radish",
        "price": 1.99
      }
    ]
  },
  {
    "id": 9,
    "name": "Auer-Grant Inc.",
    "address": {
      "street": "261 Halvorson Key",
      "city": "East Berthafort",
      "postCode": "78236"
    },
    "phone": "116.613.8228 x1256",
    "position": {
      "lat": 45.421341082383,
      "lng": -122.54590021385016
    },
    "products": [
      {
        "name": "alfalfa sprout",
        "price": 8.99
      },
      {
        "name": "artichoke",
        "price": 8.99
      },
      {
        "name": "arugula",
        "price": 9.99
      },
      {
        "name": "celeriac",
        "price": 6.99
      },
      {
        "name": "chard",
        "price": 4.99
      },
      {
        "name": "chickpea",
        "price": 2.99
      },
      {
        "name": "courgette",
        "price": 9.99
      },
      {
        "name": "frisee",
        "price": 6.99
      },
      {
        "name": "green bean",
        "price": 7.99
      },
      {
        "name": "green pepper",
        "price": 7.99
      },
      {
        "name": "mustard green",
        "price": 1.99
      },
      {
        "name": "navy bean",
        "price": 4.99
      },
      {
        "name": "new zealand spinach",
        "price": 4.99
      },
      {
        "name": "patty pan",
        "price": 9.99
      },
      {
        "name": "pumpkin",
        "price": 8.99
      },
      {
        "name": "radish",
        "price": 1.99
      },
      {
        "name": "scallion",
        "price": 5.99
      },
      {
        "name": "taro",
        "price": 9.99
      },
      {
        "name": "turnip",
        "price": 1.99
      },
      {
        "name": "yam",
        "price": 1.99
      }
    ]
  },
  {
    "id": 10,
    "name": "Schuster-Rutherford LLC",
    "address": {
      "street": "96454 Christopher River",
      "city": "Reichertville",
      "postCode": "75374"
    },
    "phone": "124.477.2124 x832",
    "position": {
      "lat": 45.410187365168476,
      "lng": -122.49594841592805
    },
    "products": [
      {
        "name": "alfalfa sprout",
        "price": 1.99
      },
      {
        "name": "arugula",
        "price": 8.99
      },
      {
        "name": "aubergine",
        "price": 9.99
      },
      {
        "name": "black bean",
        "price": 2.99
      },
      {
        "name": "hubbard squash",
        "price": 6.99
      },
      {
        "name": "jalapeno",
        "price": 6.99
      },
      {
        "name": "jerusalem artichoke",
        "price": 1.99
      },
      {
        "name": "kohlrabi",
        "price": 6.99
      },
      {
        "name": "legume",
        "price": 3.99
      },
      {
        "name": "lettuce",
        "price": 6.99
      },
      {
        "name": "mamey",
        "price": 7.99
      },
      {
        "name": "nopale",
        "price": 7.99
      },
      {
        "name": "onion",
        "price": 3.99
      },
      {
        "name": "patty pan",
        "price": 6.99
      },
      {
        "name": "pinto bean",
        "price": 5.99
      },
      {
        "name": "shallot",
        "price": 6.99
      },
      {
        "name": "squash ",
        "price": 3.99
      },
      {
        "name": "tabasco pepper",
        "price": 7.99
      },
      {
        "name": "wasabi",
        "price": 2.99
      },
      {
        "name": "white radish",
        "price": 5.99
      }
    ]
  },
  {
    "id": 11,
    "name": "Mohr-Nader Inc.",
    "address": {
      "street": "661 Gutkowski Road",
      "city": "Gustavoberg",
      "postCode": "13237"
    },
    "phone": "196-482-4727 x3916",
    "position": {
      "lat": 45.31434533373509,
      "lng": -122.54590335046422
    },
    "products": [
      {
        "name": "aubergine",
        "price": 2.99
      },
      {
        "name": "banana squash",
        "price": 6.99
      },
      {
        "name": "bean sprout",
        "price": 1.99
      },
      {
        "name": "bok choy",
        "price": 9.99
      },
      {
        "name": "caraway",
        "price": 2.99
      },
      {
        "name": "celeriac",
        "price": 7.99
      },
      {
        "name": "chickpea",
        "price": 1.99
      },
      {
        "name": "corn",
        "price": 5.99
      },
      {
        "name": "eggplant",
        "price": 4.99
      },
      {
        "name": "fiddlehead",
        "price": 6.99
      },
      {
        "name": "herbs and spice",
        "price": 6.99
      },
      {
        "name": "jicama",
        "price": 3.99
      },
      {
        "name": "mung bean",
        "price": 4.99
      },
      {
        "name": "pea",
        "price": 7.99
      },
      {
        "name": "pinto bean",
        "price": 3.99
      },
      {
        "name": "rhubarb",
        "price": 4.99
      },
      {
        "name": "runner bean",
        "price": 9.99
      },
      {
        "name": "tat soi",
        "price": 6.99
      },
      {
        "name": "turnip",
        "price": 9.99
      },
      {
        "name": "zucchini",
        "price": 9.99
      }
    ]
  },
  {
    "id": 12,
    "name": "Renner-Spencer Ltd.",
    "address": {
      "street": "834 Howell Club Apt. 557",
      "city": "North Ramon",
      "postCode": "80103"
    },
    "phone": "217-823-9116",
    "position": {
      "lat": 45.54340671497023,
      "lng": -122.47156554016102
    },
    "products": [
      {
        "name": "black-eyed pea",
        "price": 8.99
      },
      {
        "name": "butternut squash",
        "price": 8.99
      },
      {
        "name": "cayenne pepper",
        "price": 2.99
      },
      {
        "name": "chard",
        "price": 3.99
      },
      {
        "name": "chayote",
        "price": 4.99
      },
      {
        "name": "endive",
        "price": 9.99
      },
      {
        "name": "gem squash",
        "price": 4.99
      },
      {
        "name": "hubbard squash",
        "price": 1.99
      },
      {
        "name": "jerusalem artichoke",
        "price": 6.99
      },
      {
        "name": "legume",
        "price": 6.99
      },
      {
        "name": "mushroom",
        "price": 7.99
      },
      {
        "name": "onion",
        "price": 3.99
      },
      {
        "name": "pinto bean",
        "price": 5.99
      },
      {
        "name": "radish",
        "price": 6.99
      },
      {
        "name": "scallion",
        "price": 7.99
      },
      {
        "name": "snap pea",
        "price": 8.99
      },
      {
        "name": "soy bean",
        "price": 6.99
      },
      {
        "name": "spaghetti squash",
        "price": 8.99
      },
      {
        "name": "squash ",
        "price": 7.99
      },
      {
        "name": "sweet potato",
        "price": 5.99
      }
    ]
  },
  {
    "id": 13,
    "name": "Renner Inc.",
    "address": {
      "street": "93804 Mraz Course Suite 613",
      "city": "North Sethbury",
      "postCode": "10295-6602"
    },
    "phone": "704.394.6446 x25709",
    "position": {
      "lat": 45.299512909329685,
      "lng": -122.52598978366433
    },
    "products": [
      {
        "name": "aubergine",
        "price": 6.99
      },
      {
        "name": "broccoflower",
        "price": 9.99
      },
      {
        "name": "butternut squash",
        "price": 7.99
      },
      {
        "name": "cauliflower",
        "price": 5.99
      },
      {
        "name": "celery",
        "price": 9.99
      },
      {
        "name": "collard green",
        "price": 3.99
      },
      {
        "name": "corn salad",
        "price": 2.99
      },
      {
        "name": "eggplant",
        "price": 8.99
      },
      {
        "name": "fennel",
        "price": 3.99
      },
      {
        "name": "frisee",
        "price": 3.99
      },
      {
        "name": "habanero",
        "price": 3.99
      },
      {
        "name": "lemon grass",
        "price": 4.99
      },
      {
        "name": "mangetout",
        "price": 6.99
      },
      {
        "name": "new zealand spinach",
        "price": 6.99
      },
      {
        "name": "pumpkin",
        "price": 6.99
      },
      {
        "name": "radicchio",
        "price": 4.99
      },
      {
        "name": "rosemary",
        "price": 5.99
      },
      {
        "name": "scallion",
        "price": 3.99
      },
      {
        "name": "spaghetti squash",
        "price": 9.99
      },
      {
        "name": "tubers",
        "price": 4.99
      }
    ]
  },
  {
    "id": 14,
    "name": "Denesik Group",
    "address": {
      "street": "715 Orn Crescent",
      "city": "Port Robinland",
      "postCode": "83981-5895"
    },
    "phone": "275.502.1952 x147",
    "position": {
      "lat": 45.41853220879726,
      "lng": -122.63007610977178
    },
    "products": [
      {
        "name": "anise",
        "price": 3.99
      },
      {
        "name": "bean sprout",
        "price": 7.99
      },
      {
        "name": "black-eyed pea",
        "price": 2.99
      },
      {
        "name": "cayenne pepper",
        "price": 4.99
      },
      {
        "name": "celeriac",
        "price": 2.99
      },
      {
        "name": "chard",
        "price": 7.99
      },
      {
        "name": "cilantro",
        "price": 2.99
      },
      {
        "name": "collard green",
        "price": 7.99
      },
      {
        "name": "eggplant",
        "price": 5.99
      },
      {
        "name": "endive",
        "price": 8.99
      },
      {
        "name": "ginger",
        "price": 2.99
      },
      {
        "name": "lavender",
        "price": 1.99
      },
      {
        "name": "potato",
        "price": 4.99
      },
      {
        "name": "rhubarb",
        "price": 8.99
      },
      {
        "name": "sage",
        "price": 1.99
      },
      {
        "name": "shallot",
        "price": 9.99
      },
      {
        "name": "skirret",
        "price": 1.99
      },
      {
        "name": "thyme",
        "price": 8.99
      },
      {
        "name": "wasabi",
        "price": 1.99
      },
      {
        "name": "zucchini",
        "price": 7.99
      }
    ]
  },
  {
    "id": 15,
    "name": "Gusikowski, Mraz and Boyer Corp.",
    "address": {
      "street": "013 Fahey Ports",
      "city": "Schmelertown",
      "postCode": "54402"
    },
    "phone": "1-091-880-0843 x25886",
    "position": {
      "lat": 45.353430718642386,
      "lng": -122.60860852593812
    },
    "products": [
      {
        "name": "anise",
        "price": 9.99
      },
      {
        "name": "bean sprout",
        "price": 1.99
      },
      {
        "name": "beet",
        "price": 4.99
      },
      {
        "name": "bok choy",
        "price": 8.99
      },
      {
        "name": "caraway",
        "price": 6.99
      },
      {
        "name": "corn",
        "price": 1.99
      },
      {
        "name": "daikon",
        "price": 6.99
      },
      {
        "name": "delicata",
        "price": 2.99
      },
      {
        "name": "dill",
        "price": 4.99
      },
      {
        "name": "frisee",
        "price": 5.99
      },
      {
        "name": "garlic",
        "price": 3.99
      },
      {
        "name": "ginger",
        "price": 6.99
      },
      {
        "name": "kale",
        "price": 3.99
      },
      {
        "name": "legume",
        "price": 5.99
      },
      {
        "name": "lima bean",
        "price": 7.99
      },
      {
        "name": "mung bean",
        "price": 2.99
      },
      {
        "name": "mushroom",
        "price": 8.99
      },
      {
        "name": "pumpkin",
        "price": 7.99
      },
      {
        "name": "spinach",
        "price": 6.99
      },
      {
        "name": "thyme",
        "price": 5.99
      }
    ]
  },
  {
    "id": 16,
    "name": "Ritchie Inc.",
    "address": {
      "street": "3417 Larkin Tunnel Suite 186",
      "city": "South Gabrielbury",
      "postCode": "01923-2974"
    },
    "phone": "206-723-9487 x10176",
    "position": {
      "lat": 45.46998654131274,
      "lng": -122.43315131904902
    },
    "products": [
      {
        "name": "alfalfa sprout",
        "price": 3.99
      },
      {
        "name": "artichoke",
        "price": 8.99
      },
      {
        "name": "beet",
        "price": 2.99
      },
      {
        "name": "black bean",
        "price": 3.99
      },
      {
        "name": "borlotti bean",
        "price": 1.99
      },
      {
        "name": "butternut squash",
        "price": 2.99
      },
      {
        "name": "cayenne pepper",
        "price": 4.99
      },
      {
        "name": "chives",
        "price": 5.99
      },
      {
        "name": "collard green",
        "price": 5.99
      },
      {
        "name": "delicata",
        "price": 2.99
      },
      {
        "name": "endive",
        "price": 4.99
      },
      {
        "name": "jalapeno",
        "price": 6.99
      },
      {
        "name": "leek ",
        "price": 7.99
      },
      {
        "name": "legume",
        "price": 2.99
      },
      {
        "name": "okra",
        "price": 9.99
      },
      {
        "name": "onion",
        "price": 1.99
      },
      {
        "name": "parsnip",
        "price": 4.99
      },
      {
        "name": "pumpkin",
        "price": 2.99
      },
      {
        "name": "skirret",
        "price": 5.99
      },
      {
        "name": "water chestnut",
        "price": 2.99
      }
    ]
  },
  {
    "id": 17,
    "name": "Sanford-Hilpert Ltd.",
    "address": {
      "street": "43501 Kerluke Canyon Suite 679",
      "city": "West Marcosside",
      "postCode": "07028"
    },
    "phone": "181-971-0306",
    "position": {
      "lat": 45.53591880308418,
      "lng": -122.56160111824192
    },
    "products": [
      {
        "name": "borlotti bean",
        "price": 4.99
      },
      {
        "name": "calabrese",
        "price": 8.99
      },
      {
        "name": "endive",
        "price": 8.99
      },
      {
        "name": "fiddlehead",
        "price": 3.99
      },
      {
        "name": "gem squash",
        "price": 5.99
      },
      {
        "name": "kale",
        "price": 2.99
      },
      {
        "name": "kohlrabi",
        "price": 4.99
      },
      {
        "name": "lettuce",
        "price": 7.99
      },
      {
        "name": "mamey",
        "price": 5.99
      },
      {
        "name": "marjoram",
        "price": 1.99
      },
      {
        "name": "mustard green",
        "price": 9.99
      },
      {
        "name": "navy bean",
        "price": 1.99
      },
      {
        "name": "nopale",
        "price": 4.99
      },
      {
        "name": "onion",
        "price": 4.99
      },
      {
        "name": "patty pan",
        "price": 6.99
      },
      {
        "name": "radish",
        "price": 6.99
      },
      {
        "name": "runner bean",
        "price": 2.99
      },
      {
        "name": "skirret",
        "price": 8.99
      },
      {
        "name": "tubers",
        "price": 4.99
      },
      {
        "name": "wasabi",
        "price": 5.99
      }
    ]
  },
  {
    "id": 18,
    "name": "Roberts-Dooley LLC",
    "address": {
      "street": "278 Corkery Center Suite 350",
      "city": "South Leon",
      "postCode": "99164"
    },
    "phone": "1-622-683-6662 x29892",
    "position": {
      "lat": 45.40165753928866,
      "lng": -122.54823707906209
    },
    "products": [
      {
        "name": "arugula",
        "price": 1.99
      },
      {
        "name": "broccoflower",
        "price": 1.99
      },
      {
        "name": "butternut squash",
        "price": 2.99
      },
      {
        "name": "cilantro",
        "price": 7.99
      },
      {
        "name": "cucumber",
        "price": 7.99
      },
      {
        "name": "delicata",
        "price": 6.99
      },
      {
        "name": "fennel",
        "price": 3.99
      },
      {
        "name": "frisee",
        "price": 8.99
      },
      {
        "name": "green bean",
        "price": 6.99
      },
      {
        "name": "kale",
        "price": 1.99
      },
      {
        "name": "lettuce",
        "price": 2.99
      },
      {
        "name": "navy bean",
        "price": 2.99
      },
      {
        "name": "okra",
        "price": 8.99
      },
      {
        "name": "oregano",
        "price": 3.99
      },
      {
        "name": "paprika",
        "price": 4.99
      },
      {
        "name": "parsnip",
        "price": 2.99
      },
      {
        "name": "pea",
        "price": 4.99
      },
      {
        "name": "radicchio",
        "price": 9.99
      },
      {
        "name": "radish",
        "price": 9.99
      },
      {
        "name": "spaghetti squash",
        "price": 9.99
      }
    ]
  },
  {
    "id": 19,
    "name": "Becker Inc.",
    "address": {
      "street": "39303 Russel Station Suite 247",
      "city": "Shermanshire",
      "postCode": "48830"
    },
    "phone": "452.176.4495",
    "position": {
      "lat": 45.4342490109827,
      "lng": -122.47845067844489
    },
    "products": [
      {
        "name": "azuki bean",
        "price": 4.99
      },
      {
        "name": "beet",
        "price": 6.99
      },
      {
        "name": "black bean",
        "price": 3.99
      },
      {
        "name": "broad beans",
        "price": 4.99
      },
      {
        "name": "broccoflower",
        "price": 4.99
      },
      {
        "name": "carrot",
        "price": 9.99
      },
      {
        "name": "delicata",
        "price": 6.99
      },
      {
        "name": "fiddlehead",
        "price": 2.99
      },
      {
        "name": "garlic",
        "price": 7.99
      },
      {
        "name": "ginger",
        "price": 2.99
      },
      {
        "name": "habanero",
        "price": 4.99
      },
      {
        "name": "herbs and spice",
        "price": 2.99
      },
      {
        "name": "horseradish",
        "price": 4.99
      },
      {
        "name": "legume",
        "price": 1.99
      },
      {
        "name": "pinto bean",
        "price": 3.99
      },
      {
        "name": "rhubarb",
        "price": 6.99
      },
      {
        "name": "scallion",
        "price": 5.99
      },
      {
        "name": "spinach",
        "price": 4.99
      },
      {
        "name": "sweet potato",
        "price": 8.99
      },
      {
        "name": "thyme",
        "price": 4.99
      }
    ]
  },
  {
    "id": 20,
    "name": "McGlynn-Berge Ltd.",
    "address": {
      "street": "885 Alicia Flat",
      "city": "Port Maureen",
      "postCode": "98113"
    },
    "phone": "034-583-7995 x7904",
    "position": {
      "lat": 45.346697250516776,
      "lng": -122.55489106201867
    },
    "products": [
      {
        "name": "bean sprout",
        "price": 2.99
      },
      {
        "name": "bok choy",
        "price": 8.99
      },
      {
        "name": "cabbage",
        "price": 5.99
      },
      {
        "name": "cauliflower",
        "price": 8.99
      },
      {
        "name": "cayenne pepper",
        "price": 3.99
      },
      {
        "name": "chives",
        "price": 2.99
      },
      {
        "name": "corn salad",
        "price": 4.99
      },
      {
        "name": "cucumber",
        "price": 1.99
      },
      {
        "name": "habanero",
        "price": 6.99
      },
      {
        "name": "legume",
        "price": 5.99
      },
      {
        "name": "lemon grass",
        "price": 8.99
      },
      {
        "name": "lettuce",
        "price": 8.99
      },
      {
        "name": "okra",
        "price": 8.99
      },
      {
        "name": "patty pan",
        "price": 6.99
      },
      {
        "name": "potato",
        "price": 4.99
      },
      {
        "name": "radicchio",
        "price": 1.99
      },
      {
        "name": "rosemary",
        "price": 6.99
      },
      {
        "name": "scallion",
        "price": 5.99
      },
      {
        "name": "snap pea",
        "price": 9.99
      },
      {
        "name": "thyme",
        "price": 2.99
      }
    ]
  },
  {
    "id": 21,
    "name": "Murazik LLC",
    "address": {
      "street": "833 Dwayne Street Suite 270",
      "city": "West Darin",
      "postCode": "82809"
    },
    "phone": "(561) 747-3913 x012",
    "position": {
      "lat": 45.344007825709376,
      "lng": -122.77833348237331
    },
    "products": [
      {
        "name": "beet",
        "price": 4.99
      },
      {
        "name": "broccoli",
        "price": 4.99
      },
      {
        "name": "butternut squash",
        "price": 6.99
      },
      {
        "name": "celeriac",
        "price": 9.99
      },
      {
        "name": "chard",
        "price": 9.99
      },
      {
        "name": "chayote",
        "price": 2.99
      },
      {
        "name": "cucumber",
        "price": 6.99
      },
      {
        "name": "habanero",
        "price": 5.99
      },
      {
        "name": "leek ",
        "price": 1.99
      },
      {
        "name": "onion",
        "price": 6.99
      },
      {
        "name": "oregano",
        "price": 1.99
      },
      {
        "name": "pea",
        "price": 3.99
      },
      {
        "name": "rhubarb",
        "price": 1.99
      },
      {
        "name": "rutabaga",
        "price": 1.99
      },
      {
        "name": "soy bean",
        "price": 2.99
      },
      {
        "name": "spaghetti squash",
        "price": 3.99
      },
      {
        "name": "squash ",
        "price": 3.99
      },
      {
        "name": "tabasco pepper",
        "price": 5.99
      },
      {
        "name": "topinambur",
        "price": 8.99
      },
      {
        "name": "watercress",
        "price": 4.99
      }
    ]
  },
  {
    "id": 22,
    "name": "Erdman LLC",
    "address": {
      "street": "43392 Grady Gardens",
      "city": "Lake Yolanda",
      "postCode": "80839"
    },
    "phone": "1-125-555-2183 x5327",
    "position": {
      "lat": 45.2414989915023,
      "lng": -122.25103266375382
    },
    "products": [
      {
        "name": "artichoke",
        "price": 6.99
      },
      {
        "name": "cauliflower",
        "price": 1.99
      },
      {
        "name": "courgette",
        "price": 1.99
      },
      {
        "name": "dill",
        "price": 1.99
      },
      {
        "name": "fiddlehead",
        "price": 7.99
      },
      {
        "name": "garlic",
        "price": 2.99
      },
      {
        "name": "green bean",
        "price": 8.99
      },
      {
        "name": "herbs and spice",
        "price": 6.99
      },
      {
        "name": "jerusalem artichoke",
        "price": 7.99
      },
      {
        "name": "lemon grass",
        "price": 2.99
      },
      {
        "name": "lettuce",
        "price": 5.99
      },
      {
        "name": "lima bean",
        "price": 7.99
      },
      {
        "name": "nopale",
        "price": 7.99
      },
      {
        "name": "pumpkin",
        "price": 5.99
      },
      {
        "name": "scallion",
        "price": 7.99
      },
      {
        "name": "soy bean",
        "price": 2.99
      },
      {
        "name": "spaghetti squash",
        "price": 9.99
      },
      {
        "name": "taro",
        "price": 5.99
      },
      {
        "name": "white radish",
        "price": 4.99
      },
      {
        "name": "yam",
        "price": 3.99
      }
    ]
  },
  {
    "id": 23,
    "name": "Roberts Corp.",
    "address": {
      "street": "8765 Patti Lock Apt. 090",
      "city": "Kuphalfurt",
      "postCode": "15615-8022"
    },
    "phone": "1-812-908-3902",
    "position": {
      "lat": 45.396153259432886,
      "lng": -122.88112102551504
    },
    "products": [
      {
        "name": "alfalfa sprout",
        "price": 2.99
      },
      {
        "name": "amaranth",
        "price": 9.99
      },
      {
        "name": "azuki bean",
        "price": 1.99
      },
      {
        "name": "broccoli",
        "price": 4.99
      },
      {
        "name": "cabbage",
        "price": 7.99
      },
      {
        "name": "celery",
        "price": 3.99
      },
      {
        "name": "chamomile",
        "price": 6.99
      },
      {
        "name": "cilantro",
        "price": 7.99
      },
      {
        "name": "garlic",
        "price": 1.99
      },
      {
        "name": "green bean",
        "price": 2.99
      },
      {
        "name": "green pepper",
        "price": 1.99
      },
      {
        "name": "hubbard squash",
        "price": 8.99
      },
      {
        "name": "lavender",
        "price": 4.99
      },
      {
        "name": "mustard green",
        "price": 5.99
      },
      {
        "name": "rhubarb",
        "price": 9.99
      },
      {
        "name": "sage",
        "price": 7.99
      },
      {
        "name": "soy bean",
        "price": 2.99
      },
      {
        "name": "turnip",
        "price": 5.99
      },
      {
        "name": "water chestnut",
        "price": 7.99
      },
      {
        "name": "yam",
        "price": 3.99
      }
    ]
  },
  {
    "id": 24,
    "name": "Williamson LLC",
    "address": {
      "street": "0297 Frami Wells Apt. 305",
      "city": "Walterstad",
      "postCode": "24850-1806"
    },
    "phone": "(893) 433-9968",
    "position": {
      "lat": 45.390359278519675,
      "lng": -122.20294687283965
    },
    "products": [
      {
        "name": "acorn squash",
        "price": 6.99
      },
      {
        "name": "arugula",
        "price": 5.99
      },
      {
        "name": "black bean",
        "price": 3.99
      },
      {
        "name": "cabbage",
        "price": 9.99
      },
      {
        "name": "calabrese",
        "price": 6.99
      },
      {
        "name": "chamomile",
        "price": 6.99
      },
      {
        "name": "collard green",
        "price": 5.99
      },
      {
        "name": "gem squash",
        "price": 8.99
      },
      {
        "name": "herbs and spice",
        "price": 5.99
      },
      {
        "name": "horseradish",
        "price": 2.99
      },
      {
        "name": "lima bean",
        "price": 6.99
      },
      {
        "name": "onion",
        "price": 1.99
      },
      {
        "name": "patty pan",
        "price": 6.99
      },
      {
        "name": "pinto bean",
        "price": 1.99
      },
      {
        "name": "runner bean",
        "price": 5.99
      },
      {
        "name": "rutabaga",
        "price": 2.99
      },
      {
        "name": "scallion",
        "price": 1.99
      },
      {
        "name": "shallot",
        "price": 1.99
      },
      {
        "name": "snap pea",
        "price": 6.99
      },
      {
        "name": "white radish",
        "price": 3.99
      }
    ]
  },
  {
    "id": 25,
    "name": "Kulas-Mills Corp.",
    "address": {
      "street": "627 Pat Divide",
      "city": "Skilesland",
      "postCode": "08712-2605"
    },
    "phone": "(865) 274-1161 x8778",
    "position": {
      "lat": 45.42615778311277,
      "lng": -122.39177049414157
    },
    "products": [
      {
        "name": "artichoke",
        "price": 8.99
      },
      {
        "name": "basil",
        "price": 6.99
      },
      {
        "name": "brussels sprout",
        "price": 6.99
      },
      {
        "name": "cayenne pepper",
        "price": 7.99
      },
      {
        "name": "cilantro",
        "price": 7.99
      },
      {
        "name": "dill",
        "price": 7.99
      },
      {
        "name": "frisee",
        "price": 7.99
      },
      {
        "name": "jerusalem artichoke",
        "price": 9.99
      },
      {
        "name": "jicama",
        "price": 7.99
      },
      {
        "name": "lettuce",
        "price": 2.99
      },
      {
        "name": "nopale",
        "price": 2.99
      },
      {
        "name": "oregano",
        "price": 9.99
      },
      {
        "name": "patty pan",
        "price": 7.99
      },
      {
        "name": "rhubarb",
        "price": 4.99
      },
      {
        "name": "runner bean",
        "price": 2.99
      },
      {
        "name": "scallion",
        "price": 3.99
      },
      {
        "name": "soy bean",
        "price": 8.99
      },
      {
        "name": "topinambur",
        "price": 3.99
      },
      {
        "name": "turnip",
        "price": 7.99
      },
      {
        "name": "white radish",
        "price": 9.99
      }
    ]
  },
  {
    "id": 26,
    "name": "Bashirian, Lynch and Hegmann Group",
    "address": {
      "street": "449 Krajcik Landing",
      "city": "Lake Orlandoland",
      "postCode": "05766-9874"
    },
    "phone": "1-335-958-6281 x27425",
    "position": {
      "lat": 45.203785048722644,
      "lng": -122.53276392304927
    },
    "products": [
      {
        "name": "anise",
        "price": 2.99
      },
      {
        "name": "black bean",
        "price": 1.99
      },
      {
        "name": "broccoflower",
        "price": 8.99
      },
      {
        "name": "celery",
        "price": 9.99
      },
      {
        "name": "chamomile",
        "price": 3.99
      },
      {
        "name": "fiddlehead",
        "price": 8.99
      },
      {
        "name": "kidney bean",
        "price": 5.99
      },
      {
        "name": "legume",
        "price": 4.99
      },
      {
        "name": "lemon grass",
        "price": 2.99
      },
      {
        "name": "mamey",
        "price": 6.99
      },
      {
        "name": "mushroom",
        "price": 4.99
      },
      {
        "name": "navy bean",
        "price": 3.99
      },
      {
        "name": "nopale",
        "price": 9.99
      },
      {
        "name": "parsley",
        "price": 9.99
      },
      {
        "name": "patty pan",
        "price": 5.99
      },
      {
        "name": "rosemary",
        "price": 3.99
      },
      {
        "name": "scallion",
        "price": 9.99
      },
      {
        "name": "spinach",
        "price": 3.99
      },
      {
        "name": "tat soi",
        "price": 6.99
      },
      {
        "name": "zucchini",
        "price": 9.99
      }
    ]
  },
  {
    "id": 27,
    "name": "Corkery, Cremin and Franecki Ltd.",
    "address": {
      "street": "073 Henrietta Shores",
      "city": "West Jasonburgh",
      "postCode": "28398"
    },
    "phone": "143.421.6694 x54618",
    "position": {
      "lat": 45.70891598617455,
      "lng": -122.60951377626203
    },
    "products": [
      {
        "name": "amaranth",
        "price": 9.99
      },
      {
        "name": "arugula",
        "price": 6.99
      },
      {
        "name": "basil",
        "price": 2.99
      },
      {
        "name": "beet",
        "price": 6.99
      },
      {
        "name": "black-eyed pea",
        "price": 2.99
      },
      {
        "name": "broccoli",
        "price": 6.99
      },
      {
        "name": "caraway",
        "price": 7.99
      },
      {
        "name": "courgette",
        "price": 2.99
      },
      {
        "name": "eggplant",
        "price": 7.99
      },
      {
        "name": "frisee",
        "price": 2.99
      },
      {
        "name": "jalapeno",
        "price": 4.99
      },
      {
        "name": "lemon grass",
        "price": 7.99
      },
      {
        "name": "mushroom",
        "price": 2.99
      },
      {
        "name": "radicchio",
        "price": 1.99
      },
      {
        "name": "rutabaga",
        "price": 5.99
      },
      {
        "name": "snap pea",
        "price": 8.99
      },
      {
        "name": "soy bean",
        "price": 1.99
      },
      {
        "name": "spinach",
        "price": 9.99
      },
      {
        "name": "water chestnut",
        "price": 5.99
      },
      {
        "name": "zucchini",
        "price": 5.99
      }
    ]
  },
  {
    "id": 28,
    "name": "Klein-Wuckert Ltd.",
    "address": {
      "street": "931 May Turnpike Suite 494",
      "city": "West Lucy",
      "postCode": "75544"
    },
    "phone": "519.574.6703 x545",
    "position": {
      "lat": 45.65559625450529,
      "lng": -122.70494577523213
    },
    "products": [
      {
        "name": "acorn squash",
        "price": 7.99
      },
      {
        "name": "bok choy",
        "price": 4.99
      },
      {
        "name": "calabrese",
        "price": 3.99
      },
      {
        "name": "caraway",
        "price": 7.99
      },
      {
        "name": "carrot",
        "price": 1.99
      },
      {
        "name": "celery",
        "price": 5.99
      },
      {
        "name": "chard",
        "price": 8.99
      },
      {
        "name": "chickpea",
        "price": 6.99
      },
      {
        "name": "courgette",
        "price": 3.99
      },
      {
        "name": "delicata",
        "price": 3.99
      },
      {
        "name": "frisee",
        "price": 2.99
      },
      {
        "name": "gem squash",
        "price": 8.99
      },
      {
        "name": "leek ",
        "price": 8.99
      },
      {
        "name": "legume",
        "price": 9.99
      },
      {
        "name": "mamey",
        "price": 3.99
      },
      {
        "name": "mangetout",
        "price": 2.99
      },
      {
        "name": "radicchio",
        "price": 1.99
      },
      {
        "name": "sweet potato",
        "price": 6.99
      },
      {
        "name": "taro",
        "price": 1.99
      },
      {
        "name": "turnip",
        "price": 2.99
      }
    ]
  },
  {
    "id": 29,
    "name": "Runte LLC",
    "address": {
      "street": "302 Guadalupe Underpass Apt. 550",
      "city": "Port Amanda",
      "postCode": "66594"
    },
    "phone": "1-771-518-1636",
    "position": {
      "lat": 45.755607309832286,
      "lng": -122.55546250535812
    },
    "products": [
      {
        "name": "artichoke",
        "price": 6.99
      },
      {
        "name": "arugula",
        "price": 2.99
      },
      {
        "name": "aubergine",
        "price": 9.99
      },
      {
        "name": "azuki bean",
        "price": 5.99
      },
      {
        "name": "borlotti bean",
        "price": 7.99
      },
      {
        "name": "butternut squash",
        "price": 8.99
      },
      {
        "name": "carrot",
        "price": 8.99
      },
      {
        "name": "cauliflower",
        "price": 6.99
      },
      {
        "name": "celery",
        "price": 7.99
      },
      {
        "name": "chickpea",
        "price": 7.99
      },
      {
        "name": "green pepper",
        "price": 8.99
      },
      {
        "name": "horseradish",
        "price": 8.99
      },
      {
        "name": "hubbard squash",
        "price": 7.99
      },
      {
        "name": "kohlrabi",
        "price": 4.99
      },
      {
        "name": "marjoram",
        "price": 6.99
      },
      {
        "name": "parsley",
        "price": 6.99
      },
      {
        "name": "pinto bean",
        "price": 5.99
      },
      {
        "name": "rhubarb",
        "price": 7.99
      },
      {
        "name": "skirret",
        "price": 1.99
      },
      {
        "name": "sweet potato",
        "price": 2.99
      }
    ]
  },
  {
    "id": 30,
    "name": "Kertzmann Ltd.",
    "address": {
      "street": "5530 Max Trafficway Suite 357",
      "city": "Port Sherylport",
      "postCode": "99276-2624"
    },
    "phone": "(371) 040-8520 x887",
    "position": {
      "lat": 45.47623456415118,
      "lng": -122.56242623410232
    },
    "products": [
      {
        "name": "acorn squash",
        "price": 9.99
      },
      {
        "name": "arugula",
        "price": 2.99
      },
      {
        "name": "banana squash",
        "price": 8.99
      },
      {
        "name": "beet",
        "price": 9.99
      },
      {
        "name": "broccoli",
        "price": 4.99
      },
      {
        "name": "calabrese",
        "price": 1.99
      },
      {
        "name": "carrot",
        "price": 2.99
      },
      {
        "name": "cayenne pepper",
        "price": 1.99
      },
      {
        "name": "chamomile",
        "price": 1.99
      },
      {
        "name": "chayote",
        "price": 1.99
      },
      {
        "name": "ginger",
        "price": 2.99
      },
      {
        "name": "green pepper",
        "price": 5.99
      },
      {
        "name": "kale",
        "price": 8.99
      },
      {
        "name": "kohlrabi",
        "price": 5.99
      },
      {
        "name": "legume",
        "price": 9.99
      },
      {
        "name": "mushroom",
        "price": 4.99
      },
      {
        "name": "pumpkin",
        "price": 5.99
      },
      {
        "name": "rutabaga",
        "price": 5.99
      },
      {
        "name": "scallion",
        "price": 9.99
      },
      {
        "name": "skirret",
        "price": 2.99
      }
    ]
  }
]